Scan Time,Symbol,Tag,Instrument Key,Current LTP,Current Week RSI,Previous Week RSI,Weekly RSI Change,Current Hour,Current Hourly RSI,Previous Hourly RSI,Hourly RSI Change,Hourly RSI Rising,Price Confirmation,Completed Hourly Close,Previous Hourly High,Hourly RSI Touched 30,15m Price Confirmation,Completed 15m Close,Previous 15m High,15m Confirmation Candle,Current 15m Candle,Current 15m RSI,Previous 15m Candle RSI,15m RSI Change,15m RSI Rising,15m Rising Count,History Transition,Scan Mode,Monitoring Status,Monitoring Started,Last 15m Check,Category,Signal,Reason
2026-09-30 12:19:47,NSE:DIVISLAB,3M-niftypharma-Top-1,NSE_EQ|INE361B01024,9356.0,78.26,86.34,-8.09,2026-09-30 12:00,26.0,33.19,-7.18,NO,NO,9431.0,9530.0,YES,YES,9353.0,9330.0,2026-09-30 12:00,,,,,,,15m logic removed,15M MONITOR,MONITORING,,,SETUP,🔥 SETUP,Weekly RSI 78.26 > 50 + Hourly RSI touched 30 + 15m Close > Previous 15m High
2026-09-30 12:19:39,NSE:LAURUSLABS,1M-niftypharma-Top-4,NSE_EQ|INE947Q01028,1976.1,74.57,77.52,-2.95,2026-09-30 12:00,34.89,35.99,-1.09,NO,NO,1979.0,2011.4,YES,YES,1976.8,1968.9,2026-09-30 12:00,,,,,,,15m logic removed,15M MONITOR,MONITORING,,,SETUP,🔥 SETUP,Weekly RSI 74.57 > 50 + Hourly RSI touched 30 + 15m Close > Previous 15m High
2026-09-30 12:19:55,NSE:AUROPHARMA,YTD-niftypharma-Top-5,NSE_EQ|INE406A01037,1681.9,66.11,70.73,-4.62,2026-09-30 12:00,35.89,44.62,-8.72,NO,NO,1697.7,1713.7,YES,YES,1679.5,1673.3,2026-09-30 12:00,,,,,,,15m logic removed,15M MONITOR,MONITORING,,,SETUP,🔥 SETUP,Weekly RSI 66.11 > 50 + Hourly RSI touched 30 + 15m Close > Previous 15m High
2026-09-30 12:20:03,NSE:KALYANKJIL,Nifty-500-Top-3,NSE_EQ|INE303R01014,561.2,58.94,61.64,-2.7,2026-09-30 12:00,36.46,46.63,-10.17,NO,NO,568.85,571.9,YES,YES,561.6,561.5,2026-09-30 12:00,,,,,,,15m logic removed,15M MONITOR,MONITORING,,,SETUP,🔥 SETUP,Weekly RSI 58.94 > 50 + Hourly RSI touched 30 + 15m Close > Previous 15m High
2026-09-30 12:20:38,STAR,"Volume Shocker, All Time High",NSE_EQ|INE939A01011,1151.9,59.12,63.0,-3.87,2026-09-30 12:00,37.85,45.98,-8.14,NO,NO,1171.0,1182.5,YES,YES,1140.7,1133.8,2026-09-30 12:00,,,,,,,15m logic removed,15M MONITOR,MONITORING,,,SETUP,🔥 SETUP,Weekly RSI 59.12 > 50 + Hourly RSI touched 30 + 15m Close > Previous 15m High
2026-09-30 12:19:48,NSE:PPLPHARMA,3M-niftypharma-Top-3,NSE_EQ|INE0DK501011,207.09,62.14,65.0,-2.86,2026-09-30 12:00,43.96,44.4,-0.43,NO,NO,207.21,210.79,YES,YES,207.27,206.32,2026-09-30 12:00,,,,,,,15m logic removed,15M MONITOR,MONITORING,,,SETUP,🔥 SETUP,Weekly RSI 62.14 > 50 + Hourly RSI touched 30 + 15m Close > Previous 15m High
2026-09-30 12:20:17,MAHABANK,Volume Shocker,NSE_EQ|INE457A01014,80.59,51.83,59.56,-7.73,2026-09-30 12:00,44.11,29.16,14.95,YES,NO,79.16,80.7,YES,YES,80.68,80.32,2026-09-30 12:00,,,,,,,15m logic removed,15M MONITOR,MONITORING,,,SETUP,🔥 SETUP,Weekly RSI 51.83 > 50 + Hourly RSI touched 30 + 15m Close > Previous 15m High
2026-09-30 12:19:52,NSE:CYIENTDLM,6M-niftyindiadefence-Top-1,NSE_EQ|INE055S01018,907.05,84.42,89.85,-5.43,2026-09-30 12:00,45.06,55.25,-10.2,NO,YES,929.8,923.0,YES,YES,911.9,911.4,2026-09-30 12:00,,,,,,,15m logic removed,15M MONITOR,MONITORING,,,SETUP,🔥 SETUP,Weekly RSI 84.42 > 50 + Hourly RSI touched 30 + 15m Close > Previous 15m High
2026-09-30 12:20:07,WELCORP,Strong Momentum,NSE_EQ|INE191B01025,2734.8,87.16,94.42,-7.26,2026-09-30 12:00,45.4,57.81,-12.41,NO,NO,2829.0,2900.0,YES,YES,2738.5,2729.9,2026-09-30 12:00,,,,,,,15m logic removed,15M MONITOR,MONITORING,,,SETUP,🔥 SETUP,Weekly RSI 87.16 > 50 + Hourly RSI touched 30 + 15m Close > Previous 15m High
2026-09-30 12:19:43,NSE:WELCORP,3M-niftymetal-Top-1,NSE_EQ|INE191B01025,2736.9,87.3,94.42,-7.11,2026-09-30 12:00,45.62,57.81,-12.19,NO,NO,2829.0,2900.0,YES,YES,2738.5,2729.9,2026-09-30 12:00,,,,,,,15m logic removed,15M MONITOR,MONITORING,,,SETUP,🔥 SETUP,Weekly RSI 87.30 > 50 + Hourly RSI touched 30 + 15m Close > Previous 15m High
2026-09-30 12:19:44,NSE:JINDALSTEL,3M-niftymetal-Top-4,NSE_EQ|INE749A01030,1140.0,51.57,54.96,-3.39,2026-09-30 12:00,46.33,38.2,8.13,YES,NO,1130.0,1149.0,YES,YES,1140.7,1137.8,2026-09-30 12:00,,,,,,,15m logic removed,15M MONITOR,MONITORING,,,SETUP,🔥 SETUP,Weekly RSI 51.57 > 50 + Hourly RSI touched 30 + 15m Close > Previous 15m High
2026-09-30 12:19:58,NSE:ECLERX,Nifty Smallcap 250-TOP-6,NSE_EQ|INE738I01010,1836.4,52.67,55.68,-3.0,2026-09-30 12:00,48.57,26.83,21.74,YES,NO,1776.0,1799.2,YES,YES,1838.0,1829.0,2026-09-30 12:00,,,,,,,15m logic removed,15M MONITOR,MONITORING,,,SETUP,🔥 SETUP,Weekly RSI 52.67 > 50 + Hourly RSI touched 30 + 15m Close > Previous 15m High
2026-09-30 12:19:35,NSE:TIPSMUSIC,1M-niftymetal-Top-5,NSE_EQ|INE716B01029,658.8,53.22,55.32,-2.09,2026-09-30 12:00,48.82,36.99,11.84,YES,NO,650.0,656.3,YES,YES,659.5,657.55,2026-09-30 12:00,,,,,,,15m logic removed,15M MONITOR,MONITORING,,,SETUP,🔥 SETUP,Weekly RSI 53.22 > 50 + Hourly RSI touched 30 + 15m Close > Previous 15m High
2026-09-30 12:20:23,WHIRLPOOL,Volume Shocker,NSE_EQ|INE716A01013,927.85,58.31,57.62,0.69,2026-09-30 12:00,63.09,48.94,14.15,YES,NO,875.1,898.85,YES,YES,912.8,867.45,2026-09-30 12:00,,,,,,,15m logic removed,15M MONITOR,MONITORING,,,SETUP,🔥 SETUP,Weekly RSI 58.31 > 50 + Hourly RSI touched 30 + 15m Close > Previous 15m High
2026-09-30 12:20:36,CAPLIPOINT,"Volume Shocker, All Time High",NSE_EQ|INE475E01026,2674.1,62.25,72.13,-9.88,2026-09-30 12:00,25.76,33.56,-7.81,NO,NO,2738.0,2780.9,YES,NO,2670.0,2673.7,2026-09-30 12:00,,,,,,,15m logic removed,15M MONITOR,MONITORING,,,WATCH,👀 WATCH,Weekly RSI 62.25 > 50 + Hourly RSI touched 30 + 15m price confirmation failed (Close 2670.0 <= Previous High 2673.7)
2026-09-30 12:20:12,GODREJAGRO,Volume Shocker,NSE_EQ|INE850D01014,628.9,55.3,62.4,-7.1,2026-09-30 12:00,28.31,32.45,-4.14,NO,NO,635.0,638.5,YES,NO,629.1,630.95,2026-09-30 12:00,,,,,,,15m logic removed,15M MONITOR,MONITORING,,,WATCH,👀 WATCH,Weekly RSI 55.30 > 50 + Hourly RSI touched 30 + 15m price confirmation failed (Close 629.1 <= Previous High 630.95)
2026-09-30 12:20:49,YATHARTH,"Volume Shocker, All Time High",NSE_EQ|INE0JO301016,1055.9,65.22,73.2,-7.98,2026-09-30 12:00,29.01,47.89,-18.89,NO,NO,1111.0,1111.0,YES,NO,1055.0,1060.2,2026-09-30 12:00,,,,,,,15m logic removed,15M MONITOR,MONITORING,,,WATCH,👀 WATCH,Weekly RSI 65.22 > 50 + Hourly RSI touched 30 + 15m price confirmation failed (Close 1055.0 <= Previous High 1060.2)
2026-09-30 12:19:38,NSE:WOCKPHARMA,1M-niftypharma-Top-1,NSE_EQ|INE049B01025,2138.0,61.23,68.04,-6.81,2026-09-30 12:00,31.32,42.06,-10.74,NO,NO,2189.7,2219.0,YES,NO,2136.7,2151.0,2026-09-30 12:00,,,,,,,15m logic removed,15M MONITOR,MONITORING,,,WATCH,👀 WATCH,Weekly RSI 61.23 > 50 + Hourly RSI touched 30 + 15m price confirmation failed (Close 2136.7 <= Previous High 2151.0)
2026-09-30 12:20:11,URBANCO,Volume Shocker,NSE_EQ|INE0CAZ01013,158.6,56.74,64.57,-7.83,2026-09-30 12:00,31.53,43.0,-11.47,NO,NO,163.64,164.89,YES,NO,158.46,159.36,2026-09-30 12:00,,,,,,,15m logic removed,15M MONITOR,MONITORING,,,WATCH,👀 WATCH,Weekly RSI 56.74 > 50 + Hourly RSI touched 30 + 15m price confirmation failed (Close 158.46 <= Previous High 159.36)
2026-09-30 12:20:10,ATHERENERG,Other,NSE_EQ|INE0LEZ01016,1432.6,61.09,65.61,-4.52,2026-09-30 12:00,39.45,27.31,12.14,YES,NO,1407.0,1438.0,YES,NO,1433.0,1433.0,2026-09-30 12:00,,,,,,,15m logic removed,15M MONITOR,MONITORING,,,WATCH,👀 WATCH,Weekly RSI 61.09 > 50 + Hourly RSI touched 30 + 15m price confirmation failed (Close 1433.0 <= Previous High 1433.0)
2026-09-30 12:19:56,NSE:JYOTICNC,Nifty Smallcap 250-TOP-4,NSE_EQ|INE980O01024,1048.4,66.63,68.77,-2.14,2026-09-30 12:00,42.46,45.73,-3.28,NO,NO,1054.8,1076.95,NO,NO,1049.4,1051.95,2026-09-30 12:00,,,,,,,15m logic removed,15M MONITOR,MONITORING,,,WATCH,👀 WATCH,"Weekly RSI 66.63 > 50, but Hourly RSI has not touched 30 (current 42.46)"
2026-09-30 12:20:08,JYOTICNC,Trend Breakout,NSE_EQ|INE980O01024,1048.4,66.63,68.77,-2.14,2026-09-30 12:00,42.46,45.73,-3.28,NO,NO,1054.8,1076.95,YES,NO,1049.4,1051.95,2026-09-30 12:00,,,,,,,15m logic removed,15M MONITOR,MONITORING,,,WATCH,👀 WATCH,Weekly RSI 66.63 > 50 + Hourly RSI touched 30 + 15m price confirmation failed (Close 1049.4 <= Previous High 1051.95)
2026-09-30 12:20:52,SKFINDUS,Volume Shocker,NSE_EQ|INE2J8701016,2808.8,54.53,59.46,-4.92,2026-09-30 12:00,43.02,39.62,3.4,YES,NO,2792.9,2818.0,YES,NO,2805.8,2811.3,2026-09-30 12:00,,,,,,,15m logic removed,15M MONITOR,MONITORING,,,WATCH,👀 WATCH,Weekly RSI 54.53 > 50 + Hourly RSI touched 30 + 15m price confirmation failed (Close 2805.8 <= Previous High 2811.3)
2026-09-30 12:20:18,CARTRADE,Volume Shocker,NSE_EQ|INE290S01011,2909.6,60.72,64.95,-4.23,2026-09-30 12:00,43.23,40.15,3.09,YES,NO,2900.1,2935.0,YES,NO,2910.0,2918.2,2026-09-30 12:00,,,,,,,15m logic removed,15M MONITOR,MONITORING,,,WATCH,👀 WATCH,Weekly RSI 60.72 > 50 + Hourly RSI touched 30 + 15m price confirmation failed (Close 2910.0 <= Previous High 2918.2)
2026-09-30 12:20:25,INOXINDIA,Volume Shocker,NSE_EQ|INE616N01034,2060.3,62.89,70.05,-7.16,2026-09-30 12:00,43.78,45.04,-1.26,NO,NO,2065.6,2083.2,YES,NO,2063.7,2065.3,2026-09-30 12:00,,,,,,,15m logic removed,15M MONITOR,MONITORING,,,WATCH,👀 WATCH,Weekly RSI 62.89 > 50 + Hourly RSI touched 30 + 15m price confirmation failed (Close 2063.7 <= Previous High 2065.3)
2026-09-30 12:20:42,SHAREINDIA,Volume Shocker,NSE_EQ|INE932X01026,206.74,63.07,64.37,-1.3,2026-09-30 12:00,45.01,40.02,4.99,YES,NO,205.1,206.4,NO,NO,206.25,206.5,2026-09-30 12:00,,,,,,,15m logic removed,15M MONITOR,MONITORING,,,WATCH,👀 WATCH,"Weekly RSI 63.07 > 50, but Hourly RSI has not touched 30 (current 45.01)"
2026-09-30 12:20:40,PCJEWELLER,Volume Shocker,NSE_EQ|INE785M01021,13.5,65.29,69.8,-4.5,2026-09-30 12:00,45.06,35.61,9.46,YES,NO,13.28,13.28,YES,NO,13.5,13.62,2026-09-30 12:00,,,,,,,15m logic removed,15M MONITOR,MONITORING,,,WATCH,👀 WATCH,Weekly RSI 65.29 > 50 + Hourly RSI touched 30 + 15m price confirmation failed (Close 13.5 <= Previous High 13.62)
2026-09-30 12:20:20,JINDALSAW,"Volume Shocker, Watch for Entry",NSE_EQ|INE324A01032,277.95,56.23,59.2,-2.96,2026-09-30 12:00,45.08,40.86,4.22,YES,NO,276.0,279.9,YES,NO,277.4,277.75,2026-09-30 12:00,,,,,,,15m logic removed,15M MONITOR,MONITORING,,,WATCH,👀 WATCH,Weekly RSI 56.23 > 50 + Hourly RSI touched 30 + 15m price confirmation failed (Close 277.4 <= Previous High 277.75)
2026-09-30 12:19:32,NSE:LGEINDIA,IPO,NSE_EQ|INE324D01010,1707.4,56.89,58.32,-1.42,2026-09-30 12:00,45.17,62.87,-17.71,NO,NO,1740.0,1743.9,YES,NO,1708.1,1712.4,2026-09-30 12:00,,,,,,,15m logic removed,15M MONITOR,MONITORING,,,WATCH,👀 WATCH,Weekly RSI 56.89 > 50 + Hourly RSI touched 30 + 15m price confirmation failed (Close 1708.1 <= Previous High 1712.4)
2026-09-30 12:19:50,NSE:IPCALAB,3M-niftypharma-Top-5,NSE_EQ|INE571A01038,1940.2,63.95,66.94,-2.98,2026-09-30 12:00,45.42,49.13,-3.71,NO,NO,1950.3,1980.0,NO,NO,1939.6,1945.4,2026-09-30 12:00,,,,,,,15m logic removed,15M MONITOR,MONITORING,,,WATCH,👀 WATCH,"Weekly RSI 63.95 > 50, but Hourly RSI has not touched 30 (current 45.42)"
2026-09-30 12:20:04,NSE:PAYTM,Nifty-500-Top-5,NSE_EQ|INE982J01020,1679.1,65.75,65.55,0.2,2026-09-30 12:00,46.11,47.66,-1.55,NO,NO,1683.0,1691.7,YES,NO,1681.5,1684.5,2026-09-30 12:00,,,,,,,15m logic removed,15M MONITOR,MONITORING,,,WATCH,👀 WATCH,Weekly RSI 65.75 > 50 + Hourly RSI touched 30 + 15m price confirmation failed (Close 1681.5 <= Previous High 1684.5)
2026-09-30 12:20:15,PAYTM,All Time High,NSE_EQ|INE982J01020,1679.8,65.78,65.55,0.23,2026-09-30 12:00,46.38,47.66,-1.28,NO,NO,1683.0,1691.7,YES,NO,1681.5,1684.5,2026-09-30 12:00,,,,,,,15m logic removed,15M MONITOR,MONITORING,,,WATCH,👀 WATCH,Weekly RSI 65.78 > 50 + Hourly RSI touched 30 + 15m price confirmation failed (Close 1681.5 <= Previous High 1684.5)
2026-09-30 12:20:56,JSWINFRA,"Volume Shocker, 52 Week High",NSE_EQ|INE880J01026,351.85,63.22,68.38,-5.17,2026-09-30 12:00,46.79,43.17,3.62,YES,NO,350.0,353.3,YES,NO,351.6,352.9,2026-09-30 12:00,,,,,,,15m logic removed,15M MONITOR,MONITORING,,,WATCH,👀 WATCH,Weekly RSI 63.22 > 50 + Hourly RSI touched 30 + 15m price confirmation failed (Close 351.6 <= Previous High 352.9)
2026-09-30 12:19:33,NSE:PFOCUS,1M-niftymetal-Top-2,NSE_EQ|INE367G01038,319.55,59.88,59.06,0.82,2026-09-30 12:00,47.69,41.83,5.85,YES,NO,316.05,319.05,YES,NO,319.7,321.85,2026-09-30 12:00,,,,,,,15m logic removed,15M MONITOR,MONITORING,,,WATCH,👀 WATCH,Weekly RSI 59.88 > 50 + Hourly RSI touched 30 + 15m price confirmation failed (Close 319.7 <= Previous High 321.85)
2026-09-30 12:19:53,NSE:PARAS,6M-niftyindiadefence-Top-4,NSE_EQ|INE045601023,1326.6,60.13,59.86,0.27,2026-09-30 12:00,48.47,44.71,3.76,YES,NO,1319.0,1333.2,YES,NO,1327.7,1332.8,2026-09-30 12:00,,,,,,,15m logic removed,15M MONITOR,MONITORING,,,WATCH,👀 WATCH,Weekly RSI 60.13 > 50 + Hourly RSI touched 30 + 15m price confirmation failed (Close 1327.7 <= Previous High 1332.8)
2026-09-30 12:20:05,PARAS,Volume Shocker,NSE_EQ|INE045601023,1326.7,60.13,59.86,0.27,2026-09-30 12:00,48.52,44.71,3.81,YES,NO,1319.0,1333.2,YES,NO,1327.7,1332.8,2026-09-30 12:00,,,,,,,15m logic removed,15M MONITOR,MONITORING,,,WATCH,👀 WATCH,Weekly RSI 60.13 > 50 + Hourly RSI touched 30 + 15m price confirmation failed (Close 1327.7 <= Previous High 1332.8)
2026-09-30 12:19:41,NSE:MANKIND,1M-niftypharma-Top-5,NSE_EQ|INE634S01028,2481.8,58.28,57.86,0.41,2026-09-30 12:00,48.97,67.91,-18.94,NO,NO,2545.0,2559.0,NO,YES,2480.7,2468.9,2026-09-30 12:00,,,,,,,15m logic removed,15M MONITOR,MONITORING,,,WATCH,👀 WATCH,"Weekly RSI 58.28 > 50, but Hourly RSI has not touched 30 (current 48.97)"
2026-09-30 12:20:21,BALRAMCHIN,All Time High,NSE_EQ|INE119A01028,675.45,62.81,64.93,-2.13,2026-09-30 12:00,49.12,44.67,4.46,YES,NO,671.0,680.0,NO,YES,673.45,670.0,2026-09-30 12:00,,,,,,,15m logic removed,15M MONITOR,MONITORING,,,WATCH,👀 WATCH,"Weekly RSI 62.81 > 50, but Hourly RSI has not touched 30 (current 49.12)"
2026-09-30 12:20:01,NSE:CYIENT,Nifty Smallcap 250-TOP-10,NSE_EQ|INE136B01020,1122.0,66.3,64.27,2.03,2026-09-30 12:00,65.88,42.12,23.75,YES,NO,1056.0,1069.7,NO,NO,1121.7,1130.3,2026-09-30 12:00,,,,,,,15m logic removed,15M MONITOR,MONITORING,,,WATCH,👀 WATCH,"Weekly RSI 66.30 > 50, but Hourly RSI has not touched 30 (current 65.88)"
2026-09-30 12:20:44,SWANCORP,Volume Shocker,NSE_EQ|INE665A01038,282.5,33.32,37.16,-3.83,2026-09-30 12:00,25.49,27.84,-2.35,NO,NO,283.9,287.5,YES,NO,282.5,282.65,2026-09-30 12:00,,,,,,,15m logic removed,15M MONITOR,MONITORING,,,IGNORE,❌ IGNORE,Weekly RSI 33.32 <= 50
2026-09-30 12:20:45,AWFIS,Volume Shocker,NSE_EQ|INE108V01019,243.8,34.9,37.29,-2.39,2026-09-30 12:00,27.72,31.48,-3.76,NO,NO,246.45,248.9,YES,NO,243.95,244.95,2026-09-30 12:00,,,,,,,15m logic removed,15M MONITOR,MONITORING,,,IGNORE,❌ IGNORE,Weekly RSI 34.90 <= 50
2026-09-30 12:20:50,TATACHEM,"Trend Breakout, Volume Shocker",NSE_EQ|INE092A01019,616.65,40.53,43.43,-2.9,2026-09-30 12:00,29.68,24.75,4.92,YES,NO,612.75,623.1,YES,NO,616.5,618.1,2026-09-30 12:00,,,,,,,15m logic removed,15M MONITOR,MONITORING,,,IGNORE,❌ IGNORE,Weekly RSI 40.53 <= 50
2026-09-30 12:20:26,BBTC,Volume Shocker,NSE_EQ|INE050A01025,1367.0,38.84,42.8,-3.96,2026-09-30 12:00,31.86,25.07,6.79,YES,NO,1357.0,1384.0,YES,NO,1367.8,1371.4,2026-09-30 12:00,,,,,,,15m logic removed,15M MONITOR,MONITORING,,,IGNORE,❌ IGNORE,Weekly RSI 38.84 <= 50
2026-09-30 12:20:33,BALKRISIND,Volume Shocker,NSE_EQ|INE787D01026,2132.0,44.74,46.74,-2.01,2026-09-30 12:00,38.2,32.6,5.6,YES,NO,2123.0,2149.2,YES,YES,2132.0,2127.9,2026-09-30 12:00,,,,,,,15m logic removed,15M MONITOR,MONITORING,,,IGNORE,❌ IGNORE,Weekly RSI 44.74 <= 50
2026-09-30 12:20:30,NEWGEN,Volume Shocker,NSE_EQ|INE619B01017,473.45,41.32,42.8,-1.48,2026-09-30 12:00,41.1,36.94,4.16,YES,NO,470.4,489.7,YES,NO,473.5,475.45,2026-09-30 12:00,,,,,,,15m logic removed,15M MONITOR,MONITORING,,,IGNORE,❌ IGNORE,Weekly RSI 41.32 <= 50
2026-09-30 12:20:31,ASHOKA,Volume Shocker,NSE_EQ|INE442H01029,109.32,33.71,36.54,-2.83,2026-09-30 12:00,42.78,38.7,4.08,YES,NO,108.82,109.25,YES,NO,109.17,109.31,2026-09-30 12:00,,,,,,,15m logic removed,15M MONITOR,MONITORING,,,IGNORE,❌ IGNORE,Weekly RSI 33.71 <= 50
2026-09-30 12:20:14,FACT,Volume Shocker,NSE_EQ|INE188A01015,758.6,39.54,41.98,-2.44,2026-09-30 12:00,43.41,30.88,12.53,YES,NO,747.0,781.9,YES,NO,759.25,761.35,2026-09-30 12:00,,,,,,,15m logic removed,15M MONITOR,MONITORING,,,IGNORE,❌ IGNORE,Weekly RSI 39.54 <= 50
2026-09-30 12:19:46,NSE:HINDZINC,3M-niftymetal-Top-5,NSE_EQ|INE267A01025,571.2,49.61,52.56,-2.95,2026-09-30 12:00,43.55,32.36,11.18,YES,NO,563.3,571.0,YES,NO,571.25,572.2,2026-09-30 12:00,,,,,,,15m logic removed,15M MONITOR,MONITORING,,,IGNORE,❌ IGNORE,Weekly RSI 49.61 <= 50
2026-09-30 12:20:54,ATGL,Volume Shocker,NSE_EQ|INE399L01023,597.45,43.0,44.97,-1.97,2026-09-30 12:00,44.29,30.4,13.89,YES,NO,588.2,597.35,YES,NO,597.65,599.85,2026-09-30 12:00,,,,,,,15m logic removed,15M MONITOR,MONITORING,,,IGNORE,❌ IGNORE,Weekly RSI 43.00 <= 50
2026-09-30 12:20:35,ASTRAL,Volume Shocker,NSE_EQ|INE006I01046,1371.7,40.36,42.36,-2.0,2026-09-30 12:00,45.54,47.6,-2.06,NO,NO,1375.0,1377.9,YES,NO,1371.9,1373.7,2026-09-30 12:00,,,,,,,15m logic removed,15M MONITOR,MONITORING,,,IGNORE,❌ IGNORE,Weekly RSI 40.36 <= 50
2026-09-30 12:20:47,PINELABS,Volume Shocker,NSE_EQ|INE15B701018,173.82,49.92,50.9,-0.99,2026-09-30 12:00,46.11,36.77,9.34,YES,NO,170.5,172.4,YES,NO,173.35,173.88,2026-09-30 12:00,,,,,,,15m logic removed,15M MONITOR,MONITORING,,,IGNORE,❌ IGNORE,Weekly RSI 49.92 <= 50
2026-09-30 12:20:28,MASTEK,Volume Shocker,NSE_EQ|INE759A01021,1543.6,41.16,42.77,-1.61,2026-09-30 12:00,47.54,36.74,10.8,YES,NO,1522.0,1536.3,YES,NO,1544.7,1550.2,2026-09-30 12:00,,,,,,,15m logic removed,15M MONITOR,MONITORING,,,IGNORE,❌ IGNORE,Weekly RSI 41.16 <= 50
