"Symbol","Tag"
"NSE:DHOOTTRANS","IPO"
"NSE:LGEINDIA","IPO"
"NSE:PERSISTENT","1M-niftypharma-Top-1"
"NSE:TECHM","1M-niftypharma-Top-2"
"NSE:MPHASIS","1M-niftypharma-Top-3"
"NSE:INFY","1M-niftypharma-Top-4"
"NSE:HCLTECH","1M-niftypharma-Top-5"
"NSE:DRREDDY","1M-niftyit-Top-1"
"NSE:LAURUSLABS","1M-niftyit-Top-2"
"NSE:GLAND","1M-niftyit-Top-3"
"NSE:AJANTPHARM","1M-niftyit-Top-4"
"NSE:LUPIN","1M-niftyit-Top-5"
"NSE:LAURUSLABS","3M-niftypharma-Top-1"
"NSE:GLAND","3M-niftypharma-Top-2"
"NSE:WOCKPHARMA","3M-niftypharma-Top-3"
"NSE:AJANTPHARM","3M-niftypharma-Top-4"
"NSE:LUPIN","3M-niftypharma-Top-5"
"NSE:PERSISTENT","3M-niftyit-Top-1"
"NSE:TECHM","3M-niftyit-Top-2"
"NSE:MPHASIS","3M-niftyit-Top-3"
"NSE:INFY","3M-niftyit-Top-4"
"NSE:HCLTECH","3M-niftyit-Top-5"
"NSE:LAURUSLABS","6M-niftypharma-Top-1"
"NSE:GLAND","6M-niftypharma-Top-2"
"NSE:DIVISLAB","6M-niftypharma-Top-3"
"NSE:WOCKPHARMA","6M-niftypharma-Top-4"
"NSE:MANKIND","6M-niftypharma-Top-5"
"NSE:CARTRADE","6M-Nifty India Internet Index-Top-1"
"NSE:PAYTM","6M-Nifty India Internet Index-Top-2"
"NSE:MEESHO","6M-Nifty India Internet Index-Top-3"
"NSE:PWL","6M-Nifty India Internet Index-Top-4"
"NSE:TBOTEK","6M-Nifty India Internet Index-Top-5"
"NSE:MTARTECH","YTD-niftyindiadefence-Top-1"
"NSE:PARAS","YTD-niftyindiadefence-Top-2"
"NSE:DATAPATTNS","YTD-niftyindiadefence-Top-3"
"NSE:BHARATFORG","YTD-niftyindiadefence-Top-4"
"NSE:ZENTEC","YTD-niftyindiadefence-Top-5"
"NSE:LAURUSLABS","YTD-niftypharma-Top-1"
"NSE:GLAND","YTD-niftypharma-Top-2"
"NSE:DIVISLAB","YTD-niftypharma-Top-3"
"NSE:WOCKPHARMA","YTD-niftypharma-Top-4"
"NSE:TORNTPHARM","YTD-niftypharma-Top-5"
"NSE:PTCIL","Nifty Smallcap 250-TOP-1"
"NSE:REDINGTON","Nifty Smallcap 250-TOP-2"
"NSE:PVRINOX","Nifty Smallcap 250-TOP-3"
"NSE:GRAPHITE","Nifty Smallcap 250-TOP-4"
"NSE:WELSPUNLIV","Nifty Smallcap 250-TOP-5"
"NSE:GLAND","Nifty Smallcap 250-TOP-6"
"NSE:ENGINERSIN","Nifty Smallcap 250-TOP-7"
"NSE:RKFORGE","Nifty Smallcap 250-TOP-8"
"NSE:MEESHO","Nifty Smallcap 250-TOP-9"
"NSE:SYRMA","Nifty Smallcap 250-TOP-10"
"NSE:PTCIL","Nifty-500-Top-1"
"NSE:REDINGTON","Nifty-500-Top-2"
"NSE:LAURUSLABS","Nifty-500-Top-3"
"NSE:PVRINOX","Nifty-500-Top-4"
"NSE:GRAPHITE","Nifty-500-Top-5"
"NSE:WELSPUNLIV","Nifty-500-Top-6"
"NSE:MANYAVAR","Nifty-500-Top-7"
"NSE:GLAND","Nifty-500-Top-8"
"NSE:ENGINERSIN","Nifty-500-Top-9"
"NSE:RKFORGE","Nifty-500-Top-10"
"E2E",""
"SUDEEPPHRM",""
"AEROFLEX",""
"AEGISLOG","All Time High"
"PARAS","Volume Shocker"
"WELCORP","Strong Momentum"
"JYOTICNC","Trend Breakout"
"ATHERENERG","Other"
"URBANCO","Volume Shocker"
"GODREJAGRO","Volume Shocker"
"FACT","Volume Shocker"
"ENGINERSIN","Volume Shocker"
"CYIENT","Volume Shocker"
"PAYTM","All Time High"
"MAHABANK","Volume Shocker"
"CARTRADE","Volume Shocker"
"JINDALSAW","Volume Shocker, Watch for Entry"
"BALRAMCHIN","All Time High"
"MANYAVAR","Volume Shocker"
"WHIRLPOOL","Volume Shocker"
"INOXINDIA","Volume Shocker"
"BBTC","Volume Shocker"
"MASTEK","Volume Shocker"
"NEWGEN","Volume Shocker"
"NAZARA","Volume Shocker, All Time High"
"ASHOKA","Volume Shocker"
"BALKRISIND","Volume Shocker"
"ASTRAL","Volume Shocker"
"GLAND","Volume Shocker, 52 Week High, All Time High, Strong Momentum, Pullback Entry"
"ALIVUS","Trend Breakout, Volume Shocker, All Time High"
"CAPLIPOINT","Volume Shocker, All Time High"
"STAR","Volume Shocker, All Time High"
"PCJEWELLER","Volume Shocker"
"MIDHANI","Volume Shocker, All Time High"
"SHAREINDIA","Volume Shocker"
"SWANCORP","Volume Shocker"
"AWFIS","Volume Shocker"
"WESTLIFE","Trend Breakout, Volume Shocker"
"PINELABS","Volume Shocker"
"YATHARTH","Volume Shocker, All Time High"
"TEGA","Trend Breakout, Volume Shocker"
"TATACHEM","Trend Breakout, Volume Shocker"
"CUPID","Volume Shocker, 52 Week High"
"SKFINDUS","Volume Shocker"
"ATGL","Volume Shocker"
"JSWINFRA","Volume Shocker, 52 Week High"
"OPTIEMUS","Volume Shocker"
"MEESHO","Volume Shocker"
"BLUESTONE","Volume Shocker, 52 Week High"
"ELECON","Volume Shocker"
"LLOYDSENGG","Volume Shocker, All Time High"
"SCHNEIDER","Volume Shocker"
"HFCL","Volume Shocker"
"WELSPUNLIV","Volume Shocker, All Time High, Strong Momentum"
"STLTECH","Volume Shocker"
"AXISCADES","Volume Shocker, All Time High"