Symbol,Tag,Monitoring Status,Monitoring Started,Last Hourly RSI,Last Hourly Check,Last 15m Check
NSE:EICHERMOT,,MONITORING,2026-08-18 23:07:38,34.91,2026-08-31 11:04:31,2026-09-28 12:49:33
NSE:EXIDEIND,,MONITORING,2026-08-18 23:07:38,39.68,2026-08-21 15:04:27,2026-09-28 12:49:33
NSE:HEROMOTOCO,,MONITORING,2026-08-18 23:07:38,41.88,2026-08-31 11:04:31,2026-09-28 12:49:33
NSE:ASHOKLEY,,MONITORING,2026-08-19 10:19:28,41.68,2026-08-31 11:04:31,2026-09-28 12:49:33
NSE:ASTERDM,Dashboard,MONITORING,2026-08-19 11:04:30,44.91,2026-08-19 11:04:30,2026-09-28 12:49:33
ASTERDM,Volume Shocker,MONITORING,2026-08-19 11:04:30,20.84,2026-08-21 15:04:27,2026-09-28 12:49:33
NSE:M&M,,MONITORING,2026-08-19 12:04:24,32.87,2026-08-31 11:04:31,2026-09-28 12:49:33
NSE:PIIND,Dashboard,MONITORING,2026-08-19 15:04:27,45.26,2026-08-19 15:04:27,2026-09-28 12:49:33
NSE:SRF,Dashboard,MONITORING,2026-08-19 15:04:27,33.38,2026-08-19 15:04:27,2026-09-28 12:49:33
NSE:SUMICHEM,Dashboard,MONITORING,2026-08-19 15:04:27,46.93,2026-08-19 15:04:27,2026-09-28 12:49:33
NSE:AIAENG,Dashboard,MONITORING,2026-08-20 10:04:35,35.49,2026-08-20 15:04:25,2026-09-28 12:49:33
NSE:M&MFIN,,MONITORING,2026-08-20 10:04:35,33.55,2026-08-21 15:04:27,2026-09-28 12:49:33
SYRMA,🔥🔥,MONITORING,2026-08-20 13:04:29,26.98,2026-08-21 09:51:17,2026-09-28 12:49:33
NSE:MINDACORP,,MONITORING,2026-08-21 09:51:17,39.7,2026-08-21 15:04:27,2026-09-28 12:49:33
NSE:TVSMOTOR,,MONITORING,2026-08-21 09:51:17,42.59,2026-08-31 11:04:31,2026-09-28 12:49:33
NAUKRI,🟢,MONITORING,2026-08-21 09:51:17,46.81,2026-08-21 15:04:27,2026-09-28 12:49:33
NSE:GODREJAGRO,Volume Shocker,MONITORING,2026-08-21 11:04:26,43.67,2026-08-21 15:04:27,2026-09-28 12:49:33
AKUMS,🟢,MONITORING,2026-08-21 12:04:29,48.65,2026-08-21 15:04:27,2026-09-28 12:49:33
TIINDIA,Volume Shocker,MONITORING,2026-08-21 13:04:28,43.12,2026-08-21 15:04:27,2026-09-28 12:49:33
NSE:ASTRAL,Volume Shocker,MONITORING,2026-08-21 15:04:27,48.29,2026-08-21 15:04:27,2026-09-28 12:49:33
NSE:PGEL,,MONITORING,2026-08-21 15:04:27,47.54,2026-08-21 15:04:27,2026-09-28 12:49:33
CROMPTON,Strong Momentum,MONITORING,2026-08-24 10:49:28,42.58,2026-08-24 16:05:34,2026-09-28 12:49:33
NSE:ZEEL,,MONITORING,2026-08-24 13:04:27,34.62,2026-09-18 13:04:32,2026-09-28 12:49:33
NSE:GRSE,,MONITORING,2026-08-28 11:04:30,26.98,2026-09-02 18:29:04,2026-09-28 12:49:33
NSE:POWERINDIA,,MONITORING,2026-08-28 12:04:27,39.5,2026-09-03 11:04:26,2026-09-28 12:49:33
NSE:SYNGENE,,MONITORING,2026-08-31 10:04:30,37.28,2026-08-31 10:04:30,2026-09-28 12:49:33
NSE:AARTIIND,,MONITORING,2026-08-31 13:04:31,28.51,2026-09-03 11:04:26,2026-09-28 12:49:33
UNIMECH,All Time High,MONITORING,2026-08-31 14:04:31,48.26,2026-08-31 14:04:31,2026-09-28 12:49:33
NSE:RRKABEL,,MONITORING,2026-09-01 14:04:29,36.68,2026-09-15 10:04:31,2026-09-28 12:49:33
NSE:INTELLECT,,MONITORING,2026-09-02 09:19:29,47.34,2026-09-02 09:19:29,2026-09-28 12:49:33
NSE:LTTS,,MONITORING,2026-09-02 09:19:29,38.21,2026-09-03 10:04:26,2026-09-28 12:49:33
NSE:ZENSARTECH,,MONITORING,2026-09-02 09:19:29,42.11,2026-09-02 09:19:29,2026-09-28 12:49:33
NSE:BSOFT,,MONITORING,2026-09-02 13:04:31,48.99,2026-09-02 13:04:31,2026-09-28 12:49:33
NSE:INDUSTOWER,,MONITORING,2026-09-02 13:04:31,47.74,2026-09-02 13:04:31,2026-09-28 12:49:33
NSE:NH,,MONITORING,2026-09-02 19:35:11,47.01,2026-09-11 09:34:28,2026-09-28 12:49:33
NSE:ICICIBANK,,MONITORING,2026-09-04 12:04:27,34.67,2026-09-17 15:04:34,2026-09-28 12:49:33
NSE:GODREJPROP,,MONITORING,2026-09-04 13:05:00,33.04,2026-09-09 14:04:31,2026-09-28 12:49:33
NSE:GSPL,,MONITORING,2026-09-04 14:04:29,41.13,2026-09-18 19:02:41,2026-09-28 12:49:33
NSE:PRESTIGE,6M-niftyrealty-Top-5,MONITORING,2026-09-04 14:04:29,45.71,2026-09-25 11:04:39,2026-09-28 12:49:33
NSE:COFORGE,3M-niftyit-Top-2,MONITORING,2026-09-07 09:19:33,44.15,2026-09-28 12:04:39,2026-09-28 12:49:33
NSE:DBCORP,,MONITORING,2026-09-07 09:19:33,46.67,2026-09-18 13:04:32,2026-09-28 12:49:33
NSE:NBCC,,MONITORING,2026-09-07 11:04:29,31.12,2026-09-09 10:04:36,2026-09-28 12:49:33
NSE:BEL,,MONITORING,2026-09-07 12:04:28,42.69,2026-09-11 19:33:32,2026-09-28 12:49:33
NSE:IFCI,,MONITORING,2026-09-08 10:04:30,27.11,2026-09-10 19:33:56,2026-09-28 12:49:33
NSE:BRIGADE,,MONITORING,2026-09-09 09:19:28,43.58,2026-09-09 14:04:31,2026-09-28 12:49:33
NSE:SOBHA,,MONITORING,2026-09-09 09:19:28,39.06,2026-09-09 14:04:31,2026-09-28 12:49:33
NSE:SCHNEIDER,,MONITORING,2026-09-09 12:04:30,35.76,2026-09-10 09:19:27,2026-09-28 12:49:33
NSE:ABB,,MONITORING,2026-09-09 15:04:29,39.39,2026-09-11 14:04:33,2026-09-28 12:49:33
NSE:AFFLE,,MONITORING,2026-09-10 09:19:27,28.94,2026-09-16 15:04:34,2026-09-28 12:49:33
NSE:HFCL,,MONITORING,2026-09-10 09:19:27,26.57,2026-09-16 15:04:34,2026-09-28 12:49:33
NSE:IXIGO,,MONITORING,2026-09-10 09:19:27,47.96,2026-09-10 09:19:27,2026-09-28 12:49:33
NSE:JSWSTEEL,,MONITORING,2026-09-10 11:05:06,33.06,2026-09-16 12:04:31,2026-09-28 12:49:33
NSE:HINDALCO,,MONITORING,2026-09-10 12:04:38,40.56,2026-09-16 12:04:31,2026-09-28 12:49:33
NSE:NMDC,,MONITORING,2026-09-10 13:04:30,32.49,2026-09-11 11:04:29,2026-09-28 12:49:33
NSE:VEDL,,MONITORING,2026-09-10 13:04:30,44.81,2026-09-10 13:04:30,2026-09-28 12:49:33
NSE:NLCINDIA,,MONITORING,2026-09-10 14:04:29,34.07,2026-09-11 10:04:33,2026-09-28 12:49:33
NSE:HINDCOPPER,,MONITORING,2026-09-10 15:04:34,48.89,2026-09-10 19:33:56,2026-09-28 12:49:33
NSE:ADANIENT,YTD-niftymetal-Top-3,MONITORING,2026-09-11 09:34:28,35.2,2026-09-25 20:15:25,2026-09-28 12:49:33
NSE:COCHINSHIP,,MONITORING,2026-09-11 09:34:28,28.44,2026-09-11 10:04:33,2026-09-28 12:49:33
NSE:TATASTEEL,,MONITORING,2026-09-11 09:34:28,49.63,2026-09-16 12:04:31,2026-09-28 12:49:33
NSE:NETWEB,,MONITORING,2026-09-11 15:04:36,31.28,2026-09-15 09:19:30,2026-09-28 12:49:33
NSE:CGPOWER,,MONITORING,2026-09-11 18:57:22,48.01,2026-09-11 19:33:32,2026-09-28 12:49:33
NSE:INDUSINDBK,,MONITORING,2026-09-15 09:19:30,42.64,2026-09-17 15:04:34,2026-09-28 12:49:33
NSE:CHENNPETRO,,MONITORING,2026-09-15 10:04:31,31.93,2026-09-18 19:02:41,2026-09-28 12:49:33
NSE:IDEA,,MONITORING,2026-09-15 10:04:31,23.72,2026-09-16 15:04:34,2026-09-28 12:49:33
NSE:TATATECH,,MONITORING,2026-09-15 12:04:32,27.21,2026-09-16 15:04:34,2026-09-28 12:49:33
NSE:NYKAA,,MONITORING,2026-09-15 13:04:31,27.27,2026-09-17 15:04:34,2026-09-28 12:49:33
NSE:UBL,,MONITORING,2026-09-15 13:04:31,37.74,2026-09-15 20:08:32,2026-09-28 12:49:33
NSE:NAM-INDIA,,MONITORING,2026-09-15 14:04:32,49.2,2026-09-15 14:04:32,2026-09-28 12:49:33
NSE:PERSISTENT,3M-niftyit-Top-1,MONITORING,2026-09-15 14:04:32,47.32,2026-09-28 12:04:39,2026-09-28 12:49:33
NSE:CYIENT,,MONITORING,2026-09-15 19:55:27,35.17,2026-09-16 15:04:34,2026-09-28 12:49:33
NSE:CRIZAC,,MONITORING,2026-09-16 09:19:27,48.84,2026-09-18 09:19:37,2026-09-28 12:49:33
NSE:TATAELXSI,,MONITORING,2026-09-16 09:19:27,47.21,2026-09-16 09:19:27,2026-09-28 12:49:33
NSE:IIFLCAPS,,MONITORING,2026-09-16 10:04:29,32.9,2026-09-16 15:04:34,2026-09-28 12:49:33
NSE:TCS,,MONITORING,2026-09-16 10:04:29,27.26,2026-09-18 09:19:37,2026-09-28 12:49:33
NSE:WIPRO,,MONITORING,2026-09-16 10:04:29,33.26,2026-09-18 09:19:37,2026-09-28 12:49:33
NSE:GESHIP,,MONITORING,2026-09-16 12:04:31,38.73,2026-09-16 12:04:31,2026-09-28 12:49:33
NSE:FEDERALBNK,,MONITORING,2026-09-16 13:04:29,30.31,2026-09-17 15:04:34,2026-09-28 12:49:33
NSE:INFY,,MONITORING,2026-09-16 14:04:41,40.02,2026-09-18 09:19:37,2026-09-28 12:49:33
NSE:MPHASIS,,MONITORING,2026-09-16 14:04:41,39.99,2026-09-18 09:19:37,2026-09-28 12:49:33
NSE:NAUKRI,,MONITORING,2026-09-16 15:04:34,44.94,2026-09-16 15:04:34,2026-09-28 12:49:33
NSE:POLICYBZR,,MONITORING,2026-09-17 09:19:28,45.72,2026-09-17 13:04:34,2026-09-28 12:49:33
NSE:BANDHANBNK,,MONITORING,2026-09-17 11:04:33,45.0,2026-09-17 15:04:34,2026-09-28 12:49:33
NSE:HATHWAY,,MONITORING,2026-09-17 11:04:33,46.88,2026-09-18 13:04:32,2026-09-28 12:49:33
NSE:RBLBANK,,MONITORING,2026-09-17 13:04:34,46.18,2026-09-17 15:04:34,2026-09-28 12:49:33
NSE:AXISBANK,,MONITORING,2026-09-17 15:04:34,49.13,2026-09-17 15:04:34,2026-09-28 12:49:33
NSE:EMAMILTD,1M-niftymetal-Top-3,MONITORING,2026-09-18 09:19:37,41.74,2026-09-28 12:04:39,2026-09-28 12:49:33
NSE:HCLTECH,3M-niftyit-Top-3,MONITORING,2026-09-18 09:19:37,44.34,2026-09-28 12:04:39,2026-09-28 12:49:33
NSE:TECHM,3M-niftyit-Top-5,MONITORING,2026-09-18 09:19:37,41.62,2026-09-28 12:04:39,2026-09-28 12:49:33
NSE:JINDALSAW,,MONITORING,2026-09-18 11:04:33,43.31,2026-09-18 19:02:41,2026-09-28 12:49:33
TATACHEM,"Trend Breakout, Volume Shocker",MONITORING,2026-09-18 11:04:33,37.4,2026-09-28 12:04:39,2026-09-28 12:49:33
NSE:BOSCHLTD,,MONITORING,2026-09-18 13:04:32,35.08,2026-09-18 19:02:41,2026-09-28 12:49:33
NSE:TATACONSUM,,MONITORING,2026-09-18 13:04:32,43.91,2026-09-18 19:02:41,2026-09-28 12:49:33
NSE:HINDUNILVR,,MONITORING,2026-09-18 14:04:30,48.21,2026-09-18 15:04:32,2026-09-28 12:49:33
NSE:ONGC,,MONITORING,2026-09-18 14:04:30,42.38,2026-09-18 19:02:41,2026-09-28 12:49:33
NSE:CRAFTSMAN,,MONITORING,2026-09-18 15:04:32,49.36,2026-09-18 19:02:41,2026-09-28 12:49:33
NSE:MARICO,,MONITORING,2026-09-18 19:02:41,42.81,2026-09-18 19:02:41,2026-09-28 12:49:33
NSE:NEULANDLAB,,MONITORING,2026-09-18 19:02:41,49.6,2026-09-18 19:02:41,2026-09-28 12:49:33
NSE:TORNTPHARM,,MONITORING,2026-09-18 19:02:41,47.12,2026-09-18 19:02:41,2026-09-28 12:49:33
NSE:SUNDRMFAST,Nifty-500-Top-10,MONITORING,2026-09-21 09:34:30,28.8,2026-09-22 14:04:33,2026-09-28 12:49:33
AWFIS,Volume Shocker,MONITORING,2026-09-22 10:04:45,35.51,2026-09-28 12:04:39,2026-09-28 12:49:33
NSE:ATHERENERG,Nifty Smallcap 250-TOP-9,MONITORING,2026-09-22 11:04:35,34.11,2026-09-28 12:04:39,2026-09-28 12:49:33
ATHERENERG,Other,MONITORING,2026-09-22 11:04:35,34.11,2026-09-28 12:04:39,2026-09-28 12:49:33
NSE:ECLERX,Nifty Smallcap 250-TOP-5,MONITORING,2026-09-22 12:04:33,36.0,2026-09-28 12:04:39,2026-09-28 12:49:33
NSE:PAYTM,Nifty-500-Top-5,MONITORING,2026-09-23 09:34:34,19.51,2026-09-28 12:04:39,2026-09-28 12:49:33
PAYTM,All Time High,MONITORING,2026-09-23 09:34:34,19.55,2026-09-28 12:04:39,2026-09-28 12:49:33
PARAS,Volume Shocker,MONITORING,2026-09-23 10:04:35,30.33,2026-09-28 12:04:39,2026-09-28 12:49:33
ALIVUS,"Trend Breakout, Volume Shocker, All Time High",MONITORING,2026-09-23 10:04:35,38.7,2026-09-28 12:04:39,2026-09-28 12:49:33
NSE:PFOCUS,Nifty Smallcap 250-TOP-3,MONITORING,2026-09-23 11:04:32,40.34,2026-09-28 12:04:39,2026-09-28 12:49:33
BBTC,Volume Shocker,MONITORING,2026-09-23 11:04:32,32.57,2026-09-28 12:04:39,2026-09-28 12:49:33
BLUESTONE,"Volume Shocker, 52 Week High",MONITORING,2026-09-23 11:04:32,33.97,2026-09-28 12:04:39,2026-09-28 12:49:33
ATGL,Volume Shocker,MONITORING,2026-09-23 13:04:41,27.74,2026-09-28 12:04:39,2026-09-28 12:49:33
PINELABS,Volume Shocker,MONITORING,2026-09-23 14:04:36,23.59,2026-09-28 12:04:39,2026-09-28 12:49:33
AEGISLOG,All Time High,MONITORING,2026-09-23 15:04:33,34.67,2026-09-28 12:04:39,2026-09-28 12:49:33
BALKRISIND,Volume Shocker,MONITORING,2026-09-23 15:04:33,34.71,2026-09-28 12:04:39,2026-09-28 12:49:33
MIDHANI,"Volume Shocker, All Time High",MONITORING,2026-09-23 15:04:33,36.12,2026-09-28 12:04:39,2026-09-28 12:49:33
NSE:BEML,3M-niftyindiadefence-Top-4,MONITORING,2026-09-24 09:19:34,35.42,2026-09-25 20:15:25,2026-09-28 12:49:33
NSE:PARAS,6M-niftyindiadefence-Top-3,MONITORING,2026-09-24 09:19:34,30.25,2026-09-28 12:04:39,2026-09-28 12:49:33
NSE:DATAPATTNS,YTD-niftyindiadefence-Top-5,MONITORING,2026-09-24 09:19:34,30.79,2026-09-28 12:04:39,2026-09-28 12:49:33
NSE:PVRINOX,1M-niftymetal-Top-5,MONITORING,2026-09-24 09:19:34,36.45,2026-09-28 10:04:33,2026-09-28 12:49:33
FACT,Volume Shocker,MONITORING,2026-09-24 09:19:34,28.3,2026-09-28 12:04:39,2026-09-28 12:49:33
SHAREINDIA,Volume Shocker,MONITORING,2026-09-24 09:19:34,41.24,2026-09-28 12:04:39,2026-09-28 12:49:33
SWANCORP,Volume Shocker,MONITORING,2026-09-24 09:19:34,33.43,2026-09-28 12:04:39,2026-09-28 12:49:33
NSE:KALYANKJIL,Nifty-500-Top-3,MONITORING,2026-09-24 10:04:36,31.1,2026-09-28 12:04:39,2026-09-28 12:49:33
JINDALSAW,"Volume Shocker, Watch for Entry",MONITORING,2026-09-24 10:04:36,35.47,2026-09-28 12:04:39,2026-09-28 12:49:33
NEWGEN,Volume Shocker,MONITORING,2026-09-24 10:04:36,30.87,2026-09-28 12:04:39,2026-09-28 12:49:33
STAR,"Volume Shocker, All Time High",MONITORING,2026-09-24 13:04:36,27.21,2026-09-28 12:04:39,2026-09-28 12:49:33
URBANCO,Volume Shocker,MONITORING,2026-09-24 19:44:35,23.31,2026-09-28 12:04:39,2026-09-28 12:49:33
NSE:MEESHO,6M-Nifty India Internet Index-Top-4,MONITORING,2026-09-25 09:34:36,37.3,2026-09-25 09:34:36,2026-09-28 12:49:33
MEESHO,Volume Shocker,MONITORING,2026-09-25 09:34:36,29.32,2026-09-28 12:04:39,2026-09-28 12:49:33
NSE:SAILIFE,1M-niftypharma-Top-3,MONITORING,2026-09-25 10:04:28,45.27,2026-09-25 20:15:25,2026-09-28 12:49:33
NSE:UNIMECH,6M-niftyindiadefence-Top-2,MONITORING,2026-09-25 10:04:28,34.03,2026-09-28 12:04:39,2026-09-28 12:49:33
NSE:JYOTICNC,Nifty Smallcap 250-TOP-6,MONITORING,2026-09-25 10:04:28,36.83,2026-09-28 12:04:39,2026-09-28 12:49:33
JYOTICNC,Trend Breakout,MONITORING,2026-09-25 10:04:28,36.99,2026-09-28 12:04:39,2026-09-28 12:49:33
YATHARTH,"Volume Shocker, All Time High",MONITORING,2026-09-25 10:04:28,37.65,2026-09-28 12:04:39,2026-09-28 12:49:33
GODREJAGRO,Volume Shocker,MONITORING,2026-09-25 11:04:39,34.12,2026-09-28 12:04:39,2026-09-28 12:49:33
NSE:ANANTRAJ,6M-niftyrealty-Top-2,MONITORING,2026-09-25 15:05:37,48.56,2026-09-25 15:05:37,2026-09-28 12:49:33
NSE:GLAND,6M-niftypharma-Top-3,MONITORING,2026-09-25 15:05:37,47.33,2026-09-28 12:04:39,2026-09-28 12:49:33
GLAND,"Volume Shocker, 52 Week High, All Time High, Strong Momentum, Pullback Entry",MONITORING,2026-09-25 15:05:37,47.37,2026-09-28 12:04:39,2026-09-28 12:49:33
NSE:IPCALAB,3M-niftypharma-Top-5,MONITORING,2026-09-25 20:15:25,43.48,2026-09-25 20:15:25,2026-09-28 12:49:33
NSE:LLOYDSME,YTD-niftymetal-Top-2,MONITORING,2026-09-25 20:15:25,44.96,2026-09-25 20:15:25,2026-09-28 12:49:33
NSE:URBANCO,Nifty Smallcap 250-TOP-9,MONITORING,2026-09-25 20:15:25,37.82,2026-09-25 20:15:25,2026-09-28 12:49:33
SUDEEPPHRM,,MONITORING,2026-09-25 20:15:25,35.91,2026-09-28 12:04:39,2026-09-28 12:49:33
NSE:WOCKPHARMA,1M-niftyit-Top-1,MONITORING,2026-09-28 09:19:37,41.63,2026-09-28 12:04:39,2026-09-28 12:49:33
NSE:PATANJALI,1M-niftymetal-Top-1,MONITORING,2026-09-28 09:19:37,39.04,2026-09-28 12:04:39,2026-09-28 12:49:33
NSE:VBL,1M-niftymetal-Top-2,MONITORING,2026-09-28 09:19:37,46.33,2026-09-28 12:04:39,2026-09-28 12:49:33
NSE:DABUR,1M-niftyit-Top-5,MONITORING,2026-09-28 09:19:37,43.37,2026-09-28 09:19:37,2026-09-28 12:49:33
NSE:HINDZINC,3M-niftymetal-Top-3,MONITORING,2026-09-28 09:19:37,30.84,2026-09-28 12:04:39,2026-09-28 12:49:33
NSE:ASTRAMICRO,6M-niftyindiadefence-Top-5,MONITORING,2026-09-28 09:19:37,39.53,2026-09-28 12:04:39,2026-09-28 12:49:33
NSE:AUROPHARMA,YTD-niftypharma-Top-5,MONITORING,2026-09-28 09:19:37,42.38,2026-09-28 12:04:39,2026-09-28 12:49:33
NSE:REDINGTON,Nifty Smallcap 250-TOP-2,MONITORING,2026-09-28 09:19:37,45.89,2026-09-28 12:04:39,2026-09-28 12:49:33
NSE:GRAPHITE,Nifty Smallcap 250-TOP-8,MONITORING,2026-09-28 09:19:37,36.64,2026-09-28 12:04:39,2026-09-28 12:49:33
AEROFLEX,,MONITORING,2026-09-28 09:19:37,41.09,2026-09-28 12:04:39,2026-09-28 12:49:33
MAHABANK,Volume Shocker,MONITORING,2026-09-28 09:19:37,37.68,2026-09-28 12:04:39,2026-09-28 12:49:33
CARTRADE,Volume Shocker,MONITORING,2026-09-28 09:19:37,33.54,2026-09-28 12:04:39,2026-09-28 12:49:33
INOXINDIA,Volume Shocker,MONITORING,2026-09-28 09:19:37,37.38,2026-09-28 12:04:39,2026-09-28 12:49:33
ASHOKA,Volume Shocker,MONITORING,2026-09-28 09:19:37,38.76,2026-09-28 12:04:39,2026-09-28 12:49:33
ASTRAL,Volume Shocker,MONITORING,2026-09-28 09:19:37,34.89,2026-09-28 12:04:39,2026-09-28 12:49:33
TEGA,"Trend Breakout, Volume Shocker",MONITORING,2026-09-28 09:19:37,48.51,2026-09-28 12:04:39,2026-09-28 12:49:33
CUPID,"Volume Shocker, 52 Week High",MONITORING,2026-09-28 09:19:37,43.0,2026-09-28 12:04:39,2026-09-28 12:49:33
NSE:SAREGAMA,1M-niftymetal-Top-4,MONITORING,2026-09-28 10:04:33,37.47,2026-09-28 11:04:33,2026-09-28 12:49:33
MASTEK,Volume Shocker,MONITORING,2026-09-28 10:04:33,46.77,2026-09-28 12:04:39,2026-09-28 12:49:33
NSE:TIPSMUSIC,1M-niftymetal-Top-3,MONITORING,2026-09-28 11:04:33,48.54,2026-09-28 11:04:33,2026-09-28 12:49:33
NSE:APLAPOLLO,3M-niftymetal-Top-2,MONITORING,2026-09-28 11:04:33,47.6,2026-09-28 12:04:39,2026-09-28 12:49:33
NSE:JINDALSTEL,3M-niftymetal-Top-4,MONITORING,2026-09-28 11:04:33,45.18,2026-09-28 12:04:39,2026-09-28 12:49:33
NSE:CYIENTDLM,6M-niftyindiadefence-Top-1,MONITORING,2026-09-28 11:04:33,47.23,2026-09-28 12:04:39,2026-09-28 12:49:33
NSE:PPLPHARMA,6M-niftypharma-Top-5,MONITORING,2026-09-28 11:04:33,42.91,2026-09-28 12:04:39,2026-09-28 12:49:33
E2E,,MONITORING,2026-09-28 11:04:33,45.34,2026-09-28 12:04:39,2026-09-28 12:49:33
CYIENT,Volume Shocker,MONITORING,2026-09-28 11:04:33,49.2,2026-09-28 12:04:39,2026-09-28 12:49:33
PCJEWELLER,Volume Shocker,MONITORING,2026-09-28 11:04:33,44.98,2026-09-28 12:04:39,2026-09-28 12:49:33
SKFINDUS,Volume Shocker,MONITORING,2026-09-28 11:04:33,46.73,2026-09-28 12:04:39,2026-09-28 12:49:33
JSWINFRA,"Volume Shocker, 52 Week High",MONITORING,2026-09-28 11:04:33,40.39,2026-09-28 12:04:39,2026-09-28 12:49:33
NSE:LAURUSLABS,1M-niftyit-Top-4,MONITORING,2026-09-28 12:04:39,48.55,2026-09-28 12:04:39,2026-09-28 12:49:33
NSE:ITC,1M-niftymetal-Top-4,MONITORING,2026-09-28 12:04:39,43.15,2026-09-28 12:04:39,2026-09-28 12:49:33
NSE:WELCORP,3M-niftymetal-Top-1,MONITORING,2026-09-28 12:04:39,44.95,2026-09-28 12:04:39,2026-09-28 12:49:33
NSE:MTARTECH,6M-niftyindiadefence-Top-4,MONITORING,2026-09-28 12:04:39,49.04,2026-09-28 12:04:39,2026-09-28 12:49:33
WELCORP,Strong Momentum,MONITORING,2026-09-28 12:04:39,45.03,2026-09-28 12:04:39,2026-09-28 12:49:33
