Tag,Setups,Completed,Active,+1% Hit Rate %,+2% Hit Rate %,+3% Hit Rate %,+5% Hit Rate %,-1% Hit Rate %,-2% Hit Rate %,-3% Hit Rate %,Average Max Gain %,Average Max Loss %,Average 1D Return %,Average 3D Return %,Average 5D Return %
UNTAGGED,153,151,2,0.0,0.0,0.0,0.0,0.0,0.0,0.0,0.0,0.0,0.29,2.9,3.3
Volume Shocker,28,18,10,0.0,0.0,0.0,0.0,0.0,0.0,0.0,0.0,0.0,1.57,-2.82,-0.63
Dashboard,9,9,0,0.0,0.0,0.0,0.0,0.0,0.0,0.0,0.0,0.0,0.0,0.0,0.0
"Volume Shocker, All Time High",9,5,4,0.0,0.0,0.0,0.0,0.0,0.0,0.0,0.0,0.0,-2.16,-3.18,-10.43
All Time High,5,3,2,0.0,0.0,0.0,0.0,0.0,0.0,0.0,0.0,0.0,0.0,0.0,0.0
Other,4,3,1,0.0,0.0,0.0,0.0,0.0,0.0,0.0,0.0,0.0,0.0,0.0,0.0
"Volume Shocker, 52 Week High",4,1,3,0.0,0.0,0.0,0.0,0.0,0.0,0.0,0.0,0.0,0.0,0.0,0.0
Nifty Smallcap 250-TOP-6,3,0,3,0.0,0.0,0.0,0.0,0.0,0.0,0.0,0.0,0.0,0.0,0.0,0.0
Nifty Smallcap 250-TOP-9,3,0,3,0.0,0.0,0.0,0.0,0.0,0.0,0.0,0.0,0.0,0.0,0.0,0.0
Trend Breakout,3,2,1,0.0,0.0,0.0,0.0,0.0,0.0,0.0,0.0,0.0,0.0,0.0,0.0
1M-niftymetal-Top-4,2,1,1,0.0,0.0,0.0,0.0,0.0,0.0,0.0,0.0,0.0,-0.61,-2.63,-3.8
3M-niftyindiadefence-Top-5,2,1,1,0.0,0.0,0.0,0.0,0.0,0.0,0.0,0.0,0.0,-2.81,-2.52,-6.12
3M-niftyit-Top-2,2,0,2,0.0,0.0,0.0,0.0,0.0,0.0,0.0,0.0,0.0,0.0,0.0,0.0
IPO,2,1,1,0.0,0.0,0.0,0.0,0.0,0.0,0.0,0.0,0.0,0.0,0.0,0.0
Nifty Smallcap 250-TOP-10,2,1,1,0.0,0.0,0.0,0.0,0.0,0.0,0.0,0.0,0.0,-2.55,-7.56,-5.6
Nifty Smallcap 250-TOP-3,2,2,0,0.0,0.0,0.0,0.0,0.0,0.0,0.0,0.0,0.0,0.48,0.04,-1.81
Strong Momentum,2,2,0,0.0,0.0,0.0,0.0,0.0,0.0,0.0,0.0,0.0,4.66,5.01,-3.72
"Trend Breakout, Volume Shocker, All Time High",2,2,0,0.0,0.0,0.0,0.0,0.0,0.0,0.0,0.0,0.0,-1.66,-2.3,-1.04
"Volume Shocker, Watch for Entry",2,2,0,0.0,0.0,0.0,0.0,0.0,0.0,0.0,0.0,0.0,-0.28,-3.0,-5.59
1M-niftyindiadefence-Top-2,1,0,1,0.0,0.0,0.0,0.0,0.0,0.0,0.0,0.0,0.0,0.0,0.0,0.0
1M-niftyit-Top-1,1,0,1,0.0,0.0,0.0,0.0,0.0,0.0,0.0,0.0,0.0,0.0,0.0,0.0
1M-niftyit-Top-5,1,0,1,0.0,0.0,0.0,0.0,0.0,0.0,0.0,0.0,0.0,0.0,0.0,0.0
1M-niftymetal-Top-2,1,0,1,0.0,0.0,0.0,0.0,0.0,0.0,0.0,0.0,0.0,0.0,0.0,0.0
1M-niftymetal-Top-3,1,0,1,0.0,0.0,0.0,0.0,0.0,0.0,0.0,0.0,0.0,0.0,0.0,0.0
1M-niftymetal-Top-5,1,0,1,0.0,0.0,0.0,0.0,0.0,0.0,0.0,0.0,0.0,0.0,0.0,0.0
3M-niftyindiadefence-Top-1,1,1,0,0.0,0.0,0.0,0.0,0.0,0.0,0.0,0.0,0.0,1.34,0.22,-2.74
3M-niftyindiadefence-Top-2,1,0,1,0.0,0.0,0.0,0.0,0.0,0.0,0.0,0.0,0.0,0.0,0.0,0.0
3M-niftyindiadefence-Top-4,1,1,0,0.0,0.0,0.0,0.0,0.0,0.0,0.0,0.0,0.0,-1.91,-5.27,-5.48
3M-niftyit-Top-4,1,0,1,0.0,0.0,0.0,0.0,0.0,0.0,0.0,0.0,0.0,0.0,0.0,0.0
3M-niftymetal-Top-2,1,0,1,0.0,0.0,0.0,0.0,0.0,0.0,0.0,0.0,0.0,0.0,0.0,0.0
3M-niftymetal-Top-3,1,1,0,0.0,0.0,0.0,0.0,0.0,0.0,0.0,0.0,0.0,-0.21,-4.56,-5.96
3M-niftymetal-Top-4,1,0,1,0.0,0.0,0.0,0.0,0.0,0.0,0.0,0.0,0.0,0.0,0.0,0.0
3M-niftymetal-Top-5,1,0,1,0.0,0.0,0.0,0.0,0.0,0.0,0.0,0.0,0.0,0.0,0.0,0.0
6M-Nifty India Internet Index-Top-2,1,1,0,0.0,0.0,0.0,0.0,0.0,0.0,0.0,0.0,0.0,-5.33,-4.82,-6.35
6M-Nifty India Internet Index-Top-4,1,1,0,0.0,0.0,0.0,0.0,0.0,0.0,0.0,0.0,0.0,8.23,4.54,3.74
6M-niftyindiadefence-Top-4,1,1,0,0.0,0.0,0.0,0.0,0.0,0.0,0.0,0.0,0.0,-3.97,3.35,8.52
6M-niftyindiadefence-Top-5,1,1,0,0.0,0.0,0.0,0.0,0.0,0.0,0.0,0.0,0.0,1.34,3.22,1.47
6M-niftypharma-Top-4,1,0,1,0.0,0.0,0.0,0.0,0.0,0.0,0.0,0.0,0.0,0.0,0.0,0.0
6M-niftypharma-Top-5,1,0,1,0.0,0.0,0.0,0.0,0.0,0.0,0.0,0.0,0.0,0.0,0.0,0.0
6M-niftyrealty-Top-2,1,0,1,0.0,0.0,0.0,0.0,0.0,0.0,0.0,0.0,0.0,0.0,0.0,0.0
6M-niftyrealty-Top-5,1,0,1,0.0,0.0,0.0,0.0,0.0,0.0,0.0,0.0,0.0,0.0,0.0,0.0
Nifty Smallcap 250-TOP-1,1,1,0,0.0,0.0,0.0,0.0,0.0,0.0,0.0,0.0,0.0,4.66,5.01,-3.72
Nifty Smallcap 250-TOP-2,1,0,1,0.0,0.0,0.0,0.0,0.0,0.0,0.0,0.0,0.0,0.0,0.0,0.0
Nifty Smallcap 250-TOP-5,1,0,1,0.0,0.0,0.0,0.0,0.0,0.0,0.0,0.0,0.0,0.0,0.0,0.0
Nifty-500-Top-10,1,1,0,0.0,0.0,0.0,0.0,0.0,0.0,0.0,0.0,0.0,0.0,0.0,0.0
Nifty-500-Top-2,1,0,1,0.0,0.0,0.0,0.0,0.0,0.0,0.0,0.0,0.0,0.0,0.0,0.0
Nifty-500-Top-9,1,0,1,0.0,0.0,0.0,0.0,0.0,0.0,0.0,0.0,0.0,0.0,0.0,0.0
Volume shocker,1,1,0,0.0,0.0,0.0,0.0,0.0,0.0,0.0,0.0,0.0,0.0,0.0,0.0
YTD-niftyindiadefence-Top-5,1,1,0,0.0,0.0,0.0,0.0,0.0,0.0,0.0,0.0,0.0,0.34,-4.14,-3.47
YTD-niftypharma-Top-5,1,0,1,0.0,0.0,0.0,0.0,0.0,0.0,0.0,0.0,0.0,0.0,0.0,0.0
